{"cameraMode":{"drawMode":0,"name":"Shaded","section":"Shading Mode"},"sceneLighting":true,"audioPlay":false,"sceneViewState":{"showFog":true,"showMaterialUpdate":false,"showSkybox":true,"showFlares":true,"showImageEffects":true,"showParticleSystems":true},"in2DMode":false,"pivot":{"x":14.099849700927735,"y":2.240034580230713,"z":15.149025917053223},"rotation":{"x":-0.08292756229639054,"y":-0.7094606161117554,"z":0.08469060808420181,"w":-0.6947100758552551},"size":8.023690223693848,"orthographic":false}