{"cameraMode":{"drawMode":0,"name":"Shaded","section":"Shading Mode"},"sceneLighting":true,"audioPlay":false,"sceneViewState":{"showFog":true,"showMaterialUpdate":false,"showSkybox":true,"showFlares":true,"showImageEffects":true,"showParticleSystems":true},"in2DMode":false,"pivot":{"x":581.000732421875,"y":-229.63043212890626,"z":682.1019897460938},"rotation":{"x":-0.0901091992855072,"y":-0.761128842830658,"z":0.1082487553358078,"w":-0.6331720352172852},"size":820.4471435546875,"orthographic":false}