{"cameraMode":{"drawMode":0,"name":"Shaded","section":"Shading Mode"},"sceneLighting":true,"audioPlay":false,"sceneViewState":{"showFog":true,"showMaterialUpdate":false,"showSkybox":true,"showFlares":true,"showImageEffects":true,"showParticleSystems":true},"in2DMode":false,"pivot":{"x":13.290874481201172,"y":1.5799999237060547,"z":7.409812927246094},"rotation":{"x":-0.21481335163116456,"y":-0.7824198007583618,"z":0.448825865983963,"w":-0.3744775354862213},"size":57.15769958496094,"orthographic":false}